title,company,location,link
39878,Zachary Piper Solutions LLC,Remote,https://www.indeed.com/viewjob?jk=9dfd34b97abe766a
PYTHON DEVELOPER,,"Charlotte, NC",https://www.indeed.com/viewjob?jk=f26b8209c93fdd28
Python Developer Intern,,"Ruby, SC",https://www.indeed.com/viewjob?jk=84a541c104b5b24c
Biostatistician Intern (Remote),23andMe,California,https://www.indeed.com/viewjob?jk=f2e191439e7d9cf9
Data Scientist - Entry Level,,"Sacramento, CA",https://www.indeed.com/viewjob?jk=3dde0133818987f0
MATCHMOVERS,,"Los Angeles, CA",https://www.indeed.com/viewjob?jk=f4f6c6a51596e7e9
Entry Level Back End Developer: 2021,IBM,United States,https://www.indeed.com/viewjob?jk=4757a8891a7150f6
Python Developer,,"Carmel, IN",https://www.indeed.com/viewjob?jk=32eaa9e1e80e8c5d
Mid-Level Python Developer,,Remote,https://www.indeed.com/viewjob?jk=b38c72a0024ad418
DeviceDriverDeveloper,,"Santa Clara, CA",https://www.indeed.com/viewjob?jk=dc4167b0434a8ff6
Customer Support Representative,,Remote,https://www.indeed.com/viewjob?jk=1534083f45439429
Data Linguist-II,Amazon.com Services LLC,"Cambridge, MA",https://www.indeed.com/viewjob?jk=e157579bf793116a
Data Analyst Intern (Summer 2021),Panasonic Corporation of North America,"Denver, CO",https://www.indeed.com/viewjob?jk=882450bf3eb30b50
"Launch Internship, Summer 2021 - Location Flexible",Dropbox,California,https://www.indeed.com/viewjob?jk=c95324f57292851a
PYTHON DEVELOPER,,"Seattle, WA",https://www.indeed.com/viewjob?jk=1a20a1c56fb7df73
Software or Machine Learning Engineer - Entry Level,Apple,"Santa Clara Valley, CA",https://www.indeed.com/viewjob?jk=0a15fa886dca0fd8
Content Analytics Intern Summer 2021,,"Los Angeles, CA",https://www.indeed.com/viewjob?jk=349104e0d6f80772
Card Operations Associate,,"San Francisco, CA",https://www.indeed.com/viewjob?jk=432a4a225baf54aa
